{"cameraMode":{"drawMode":0,"name":"Shaded","section":"Shading Mode"},"sceneLighting":false,"audioPlay":false,"sceneViewState":{"showFog":true,"showMaterialUpdate":false,"showSkybox":true,"showFlares":true,"showImageEffects":true,"showParticleSystems":true},"in2DMode":false,"pivot":{"x":-5.430763244628906,"y":-0.33998966217041018,"z":-14.963930130004883},"rotation":{"x":0.1868610978126526,"y":-0.7873294353485107,"z":0.28696078062057497,"w":0.5126879215240479},"size":22.0,"orthographic":false}